{
  "info": {
    "name": "Newbies",
    "schema": "https://schema.getpostman.com/json/collection/v2.1.0/collection.json"
  },
  "item": [
    {
      "name": "test",
      "items": [
        {
          "name": "ping",
          "request": {
            "method": "GET",
            "header": [],
            "url": {
              "raw": "{{base-URL}}/ping",
              "host": ["{{base-URL}}"],
              "path": ["ping"]
            }
          },
          "response": []
        }
      ]
    },$$$ modules routes $$$
  ],
  "auth": {
    "type": "bearer",
    "bearer": [
      {
        "key": "token",
        "value": "",
        "type": "string"
      }
    ]
  },
  "event": [
    {
      "listen": "prerequest",
      "script": {
        "type": "text/javascript",
        "exec": [""]
      }
    },
    {
      "listen": "test",
      "script": {
        "type": "text/javascript",
        "exec": [""]
      }
    }
  ],
  "variable": [
    {
      "key": "base-URL",
      "value": "127.0.0.1:5000/api",
      "type": "string"
    }
  ]
}
